{"cameraMode":{"drawMode":0,"name":"Shaded","section":"Shading Mode"},"sceneLighting":false,"audioPlay":false,"sceneViewState":{"m_AlwaysRefresh":false,"showFog":true,"showSkybox":false,"showFlares":true,"showImageEffects":true,"showParticleSystems":true,"showVisualEffectGraphs":true,"m_FxEnabled":true},"in2DMode":false,"pivot":{"x":-2.358175277709961,"y":-24.617019653320314,"z":199.8531494140625},"rotation":{"x":-0.23916535079479218,"y":-0.0008634364348836243,"z":0.00020717548613902181,"w":-0.9710044860839844},"size":184.6152801513672,"orthographic":false}